<?xml version="1.0" encoding="UTF-8" standalone="yes"?>
<MessagePool xmlns="http://wwww.ibm.com/iib/test/1.0.0">
    <MQInputMessage timestamp="1441639399327" nodeId="FCMComposite_1_1" name="LocalMessage" id="1441639399327-1335">
        <plainText>&lt;?xml version=&quot;1.0&quot; encoding=&quot;UTF-8&quot; standalone=&quot;yes&quot; ?&gt;&#xD;
&lt;ConnType&gt;LOCAL&lt;/ConnType&gt;</plainText>
        <MessageHeader backoutCount="0" characterSet="0" encoding="0" expiry="-1" feedback="0" messageFlags="0" messageType="8" messageSequenceNumber="1" offset="0" originalLength="-1" persistence="2" priority="-1" putApplicationType="0" report="0"/>
    </MQInputMessage>
    <MQInputMessage timestamp="1441639429357" nodeId="FCMComposite_1_1" name="RemoteMessage" id="1441639429357-1363">
        <plainText>&lt;?xml version=&quot;1.0&quot; encoding=&quot;UTF-8&quot; standalone=&quot;yes&quot; ?&gt;&#xD;
&lt;ConnType&gt;REMOTE&lt;/ConnType&gt;</plainText>
        <MessageHeader backoutCount="0" characterSet="0" encoding="0" expiry="-1" feedback="0" messageFlags="0" messageType="8" messageSequenceNumber="1" offset="0" originalLength="-1" persistence="2" priority="-1" putApplicationType="0" report="0"/>
    </MQInputMessage>
</MessagePool>
